Run,Step,Probability of Winning
0,0,0.49349999999999994
0,1,0.5579999999999999
0,2,0.5651666666666667
0,3,0.6268333333333334
0,4,0.5851666666666667
0,5,0.672
0,6,0.6383333333333333
0,7,0.6218333333333333
0,8,0.6210000000000001
0,9,0.5771666666666667
